scenario,policy_name,n_requests,n_clients,n_replicas,mean_fairness_debt,p95_fairness_debt,max_fairness_debt,mean_fairness_urgency,mean_prefix_hit_ratio,total_recompute_tokens,total_cache_hit_tokens,mean_routing_score,mean_score_margin,ttft_p50_ms,ttft_p99_ms,tpot_p50_ms,tpot_p99_ms,e2e_p50_ms,e2e_p99_ms,queue_p50_ms,queue_p99_ms,mean_queue_delay_fraction,mean_itl_jitter_cv,total_preemptions,slo_attainment_pct,total_output_tokens,end_time_s,req_throughput_sps,token_throughput_tps,goodput_sps,energy_proxy_kj,jains_index,replica_load_cv,prediction_vs_actual_queue_corr,category,mean_kv_util_pct,peak_kv_util_pct,mean_waiting_reqs,mean_npu_util_pct
balanced_control,RR,200,10,4,0.0,0.0,0.0,0.0,0.0,101668,0,0.0,0.0,30.0081,44.1314,11.688,11.9367,1509.5373,2248.5736,6.002,11.0923,0.004,6.4999,0,100.0,25487,21.4986,9.3029,1185.5209,9.3029,5.3746,0.9948,0.0,,Naive,0.5111,1.078,0.1786,22.1918
balanced_control,LOAD,200,10,4,0.0,0.0,0.0,0.0,0.0,101668,0,0.0,0.0,29.3513,44.7865,11.8582,12.3832,1526.6061,2266.422,5.0284,11.1197,0.0037,5.7903,0,100.0,25487,21.5032,9.301,1185.2675,9.301,5.3758,0.9948,0.505,,Naive,0.4322,0.812,0.1667,21.9447
balanced_control,RAND,200,10,4,0.0,0.0,0.0,0.0,0.0,101668,0,0.0,0.0,30.5468,43.9846,11.7691,12.2964,1518.5712,2252.506,5.9529,11.1611,0.0041,6.4006,0,100.0,25487,21.5053,9.3,1185.1502,9.3,5.3763,0.9948,0.1304,,Naive,0.5171,1.468,0.1429,22.1977
balanced_control,FAIRNESS,200,10,4,0.0858,0.3883,1.0,0.1087,0.0,101668,0,0.1019,0.0015,30.2553,43.7037,11.7711,12.2666,1499.4719,2245.3273,5.5656,10.9288,0.004,6.3818,0,100.0,25487,21.5054,9.3,1185.1441,9.3,5.3764,0.9948,0.3308,0.0214,Single-Signal,0.4463,0.911,0.1786,22.0137
balanced_control,LOCALITY,200,10,4,0.0866,0.3824,1.0,0.1098,0.0,101668,0,0.0,0.0,30.4582,43.5707,11.7383,12.2509,1510.9301,2299.7889,5.9766,11.1698,0.0041,6.4028,0,100.0,25487,21.4924,9.3056,1185.8598,9.3056,5.3731,0.9948,0.1281,-0.0823,Single-Signal,0.4994,1.447,0.1905,22.1645
balanced_control,PREDICTION,200,10,4,0.0852,0.3842,1.0,0.1075,0.0,101668,0,0.9348,0.0133,30.5398,44.6237,11.8626,12.2241,1530.0204,2287.2136,5.8498,11.1805,0.0041,5.8646,0,100.0,25487,21.4931,9.3053,1185.8207,9.3053,5.3733,0.9948,0.481,-0.2282,Single-Signal,0.4316,0.768,0.2262,21.9312
balanced_control,F_L,200,10,4,0.0858,0.3883,1.0,0.1087,0.0,101668,0,0.1019,0.0015,30.2553,43.7037,11.7711,12.2666,1499.4719,2245.3273,5.5656,10.9288,0.004,6.3818,0,100.0,25487,21.5054,9.3,1185.1441,9.3,5.3764,0.9948,0.3308,0.0214,Pairwise,0.4463,0.911,0.1786,22.0137
balanced_control,L_P,200,10,4,0.0852,0.3842,1.0,0.1075,0.0,101668,0,0.9348,0.0133,30.5398,44.6237,11.8626,12.2241,1530.0204,2287.2136,5.8498,11.1805,0.0041,5.8646,0,100.0,25487,21.4931,9.3053,1185.8207,9.3053,5.3733,0.9948,0.481,-0.2282,Pairwise,0.4316,0.768,0.2262,21.9312
balanced_control,F_P,200,10,4,0.0852,0.3842,1.0,0.1075,0.0,101668,0,1.0348,0.0148,30.5398,44.6237,11.8626,12.2241,1530.0204,2287.2136,5.8498,11.1805,0.0041,5.8646,0,100.0,25487,21.4931,9.3053,1185.8207,9.3053,5.3733,0.9948,0.481,-0.2282,Pairwise,0.4316,0.768,0.2262,21.9312
balanced_control,F_L_P,200,10,4,0.0852,0.3842,1.0,0.1075,0.0,101668,0,1.0348,0.0148,30.5398,44.6237,11.8626,12.2241,1530.0204,2287.2136,5.8498,11.1805,0.0041,5.8646,0,100.0,25487,21.4931,9.3053,1185.8207,9.3053,5.3733,0.9948,0.481,-0.2282,Naive Linear Triple,0.4316,0.768,0.2262,21.9312
balanced_control,PREBLE,200,10,4,0.0874,0.3824,1.0,0.1114,0.0,101668,0,-1.0743,0.0161,30.1786,43.5686,11.8502,12.2223,1509.289,2255.542,5.2485,11.0153,0.0038,5.9762,0,100.0,25487,21.5063,9.2996,1185.097,9.2996,5.3766,0.9948,0.4942,-0.1782,Prior Art,0.4408,0.741,0.1786,21.9596
balanced_control,LBGR,200,10,4,0.0866,0.3824,1.0,0.1098,0.0,101668,0,0.0009,0.0,30.4582,43.5707,11.7383,12.2509,1510.9301,2299.7889,5.9766,11.1698,0.0041,6.4028,0,100.0,25487,21.4924,9.3056,1185.8598,9.3056,5.3731,0.9948,0.1281,-0.0823,Prior Art,0.4994,1.447,0.1905,22.1645
balanced_control,DUALMAP,200,10,4,0.0866,0.3824,1.0,0.1098,0.0,101668,0,-1.0,0.0,30.4582,43.5707,11.7383,12.2509,1510.9301,2299.7889,5.9766,11.1698,0.0041,6.4028,0,100.0,25487,21.4924,9.3056,1185.8598,9.3056,5.3731,0.9948,0.1281,-0.0823,Prior Art,0.4994,1.447,0.1905,22.1645
balanced_control,CACHE_ROUTE,200,10,4,0.0852,0.3842,1.0,0.1075,0.0,101668,0,-1.0702,0.0153,30.5398,44.6237,11.8626,12.2241,1530.0204,2287.2136,5.8498,11.1805,0.0041,5.8646,0,100.0,25487,21.4931,9.3053,1185.8207,9.3053,5.3733,0.9948,0.481,-0.2282,Prior Art,0.4316,0.768,0.2262,21.9312
balanced_control,VTC,200,10,4,0.0852,0.3842,1.0,0.1075,0.0,101668,0,-1771.5998,9.5634,30.5398,44.6237,11.8626,12.2241,1530.0204,2287.2136,5.8498,11.1805,0.0041,5.8646,0,100.0,25487,21.4931,9.3053,1185.8207,9.3053,5.3733,0.9948,0.481,-0.2282,Prior Art,0.4316,0.768,0.2262,21.9312
balanced_control,EQUINOX,200,10,4,0.0852,0.3842,1.0,0.1075,0.0,101668,0,-0.0807,0.0046,30.5398,44.6237,11.8626,12.2241,1530.0204,2287.2136,5.8498,11.1805,0.0041,5.8646,0,100.0,25487,21.4931,9.3053,1185.8207,9.3053,5.3733,0.9948,0.481,-0.2282,Prior Art,0.4316,0.768,0.2262,21.9312
balanced_control,QUARTZ,200,10,4,0.0866,0.3824,1.0,0.1098,0.0,101668,0,-0.0087,0.0,30.4582,43.5707,11.7383,12.2509,1510.9301,2299.7889,5.9766,11.1698,0.0041,6.4028,0,100.0,25487,21.4924,9.3056,1185.8598,9.3056,5.3731,0.9948,0.1281,-0.0823,Prior Art,0.4994,1.447,0.1905,22.1645
balanced_control,ISJL,200,10,4,0.0858,0.3883,1.0,0.1087,0.0,101668,0,0.1019,0.0015,30.2553,43.7037,11.7711,12.2666,1499.4719,2245.3273,5.5656,10.9288,0.004,6.3818,0,100.0,25487,21.5054,9.3,1185.1441,9.3,5.3764,0.9948,0.3308,0.0214,Prior Art,0.4463,0.911,0.1786,22.0137
balanced_control,NEXUSSCHED,200,10,4,0.0866,0.3824,1.0,0.1098,0.0,101668,0,-3847.8959,0.0,30.4582,43.5707,11.7383,12.2509,1510.9301,2299.7889,5.9766,11.1698,0.0041,6.4028,0,100.0,25487,21.4924,9.3056,1185.8598,9.3056,5.3731,0.9948,0.1281,-0.0823,Prior Art,0.4994,1.447,0.1905,22.1645
balanced_control,BALANCEROUTE,200,10,4,0.0852,0.3842,1.0,0.1075,0.0,101668,0,0.9298,0.0153,30.5398,44.6237,11.8626,12.2241,1530.0204,2287.2136,5.8498,11.1805,0.0041,5.8646,0,100.0,25487,21.4931,9.3053,1185.8207,9.3053,5.3733,0.9948,0.481,-0.2282,Prior Art,0.4316,0.768,0.2262,21.9312
balanced_control,PILLM,200,10,4,0.0866,0.3824,1.0,0.1098,0.0,101668,0,0.0021,0.0,30.4582,43.5707,11.7383,12.2509,1510.9301,2299.7889,5.9766,11.1698,0.0041,6.4028,0,100.0,25487,21.4924,9.3056,1185.8598,9.3056,5.3731,0.9948,0.1281,-0.0823,Prior Art,0.4994,1.447,0.1905,22.1645
balanced_control,ONLINE_LP,200,10,4,0.0852,0.3842,1.0,0.1075,0.0,101668,0,0.9298,0.0153,30.5398,44.6237,11.8626,12.2241,1530.0204,2287.2136,5.8498,11.1805,0.0041,5.8646,0,100.0,25487,21.4931,9.3053,1185.8207,9.3053,5.3733,0.9948,0.481,-0.2282,Prior Art,0.4316,0.768,0.2262,21.9312
balanced_control,H0,200,10,4,0.0852,0.3842,1.0,0.1075,0.0,101668,0,1.0348,0.0148,30.5398,44.6237,11.8626,12.2241,1530.0204,2287.2136,5.8498,11.1805,0.0041,5.8646,0,100.0,25487,21.4931,9.3053,1185.8207,9.3053,5.3733,0.9948,0.481,-0.2282,Combination-Form Hypothesis,0.4316,0.768,0.2262,21.9312
balanced_control,H1,200,10,4,0.0852,0.3842,1.0,0.1075,0.0,101668,0,0.0,0.0,30.5398,44.6237,11.8626,12.2241,1530.0204,2287.2136,5.8498,11.1805,0.0041,5.8646,0,100.0,25487,21.4931,9.3053,1185.8207,9.3053,5.3733,0.9948,0.481,-0.2282,Combination-Form Hypothesis,0.4316,0.768,0.2262,21.9312
balanced_control,H2,200,10,4,0.0852,0.3842,1.0,0.1075,0.0,101668,0,0.0001,0.0,30.5398,44.6237,11.8626,12.2241,1530.0204,2287.2136,5.8498,11.1805,0.0041,5.8646,0,100.0,25487,21.4931,9.3053,1185.8207,9.3053,5.3733,0.9948,0.481,-0.2282,Combination-Form Hypothesis,0.4316,0.768,0.2262,21.9312
balanced_control,H3,200,10,4,0.0852,0.3842,1.0,0.1075,0.0,101668,0,0.0001,0.0,30.5398,44.6237,11.8626,12.2241,1530.0204,2287.2136,5.8498,11.1805,0.0041,5.8646,0,100.0,25487,21.4931,9.3053,1185.8207,9.3053,5.3733,0.9948,0.481,-0.2282,Combination-Form Hypothesis,0.4316,0.768,0.2262,21.9312
balanced_control,H4,200,10,4,0.0869,0.3364,1.0,0.1115,0.0,101668,0,0.0001,0.0,30.3187,44.663,12.0157,12.4136,1535.9319,2293.5333,4.7047,11.2954,0.0034,4.5718,0,100.0,25487,21.503,9.301,1185.2746,9.301,5.3758,0.9948,0.6504,-0.4415,Combination-Form Hypothesis,0.4195,0.823,0.1667,21.8424
balanced_control,H5,200,10,4,0.0852,0.3842,1.0,0.1075,0.0,101668,0,1.1278,0.0159,30.5398,44.6237,11.8626,12.2241,1530.0204,2287.2136,5.8498,11.1805,0.0041,5.8646,0,100.0,25487,21.4931,9.3053,1185.8207,9.3053,5.3733,0.9948,0.481,-0.2282,Combination-Form Hypothesis,0.4316,0.768,0.2262,21.9312
balanced_control,FAIRROUTE,200,10,4,0.0869,0.3364,1.0,0.1115,0.0,101668,0,0.0001,0.0,30.3187,44.663,12.0157,12.4136,1535.9319,2293.5333,4.7047,11.2954,0.0034,4.5718,0,100.0,25487,21.503,9.301,1185.2746,9.301,5.3758,0.9948,0.6504,-0.4415,FairRoute (Final),0.4195,0.823,0.1667,21.8424
balanced_control,FAIRROUTE_V2,200,10,4,0.0852,0.3842,1.0,0.1075,0.0,101668,0,1.1278,0.0159,30.5398,44.6237,11.8626,12.2241,1530.0204,2287.2136,5.8498,11.1805,0.0041,5.8646,0,100.0,25487,21.4931,9.3053,1185.8207,9.3053,5.3733,0.9948,0.481,-0.2282,FairRoute (v2 / H5),0.4316,0.768,0.2262,21.9312
fairness_conflict,RR,200,10,4,0.0,0.0,0.0,0.0,0.4717,55092,46576,0.0,0.0,22.03,43.5061,11.4051,11.9325,1466.7105,2206.3873,5.369,11.0459,0.0039,6.3299,0,100.0,25487,21.4986,9.3029,1185.5209,9.3029,5.3746,0.3587,0.0,,Naive,0.376,1.041,0.2143,21.1891
fairness_conflict,LOAD,200,10,4,0.0,0.0,0.0,0.0,0.459,56516,45152,0.0,0.0,22.1548,44.034,11.5755,12.0969,1479.9074,2244.387,5.6773,11.2524,0.0039,7.1428,0,100.0,25487,21.5086,9.2986,1184.9653,9.2986,5.3772,0.3587,0.4748,,Naive,0.3579,0.771,0.1905,21.0935
fairness_conflict,RAND,200,10,4,0.0,0.0,0.0,0.0,0.456,56436,45232,0.0,0.0,22.9893,43.5972,11.5712,11.9957,1475.7198,2232.5846,6.2042,11.3569,0.0043,7.7763,0,100.0,25487,21.5119,9.2972,1184.7862,9.2972,5.378,0.3587,0.1304,,Naive,0.4115,1.228,0.1786,21.2296
fairness_conflict,FAIRNESS,200,10,4,0.2266,0.594,1.0,0.2814,0.4579,56516,45152,0.2658,0.0055,22.7367,44.6985,11.5295,11.9104,1483.9777,2190.4864,5.8561,11.343,0.0042,7.372,0,100.0,25487,21.5159,9.2955,1184.5679,9.2955,5.379,0.3587,0.2846,-0.0087,Single-Signal,0.3642,0.843,0.2024,21.078
fairness_conflict,LOCALITY,200,10,4,0.2246,0.594,1.0,0.2794,0.477,54356,47312,0.477,0.477,22.658,43.5481,11.7772,12.2605,1508.1958,2246.1055,5.218,11.4465,0.0039,6.9247,0,100.0,25487,21.5158,9.2955,1184.571,9.2955,5.379,0.3587,0.8703,-0.106,Single-Signal,0.3131,0.874,0.1905,21.0536
fairness_conflict,PREDICTION,200,10,4,0.2279,0.6259,1.0,0.2825,0.4585,56516,45152,0.9353,0.0123,22.4494,44.9708,11.5961,12.0693,1492.5545,2229.859,6.0006,11.1814,0.0042,7.2981,0,100.0,25487,21.5059,9.2998,1185.1185,9.2998,5.3765,0.3587,0.4905,-0.1975,Single-Signal,0.3654,0.703,0.2024,21.0755
fairness_conflict,F_L,200,10,4,0.2255,0.594,1.0,0.2803,0.477,54356,47312,0.7428,0.4841,22.3794,43.8824,11.5455,11.9984,1474.7373,2212.6183,5.2193,11.4357,0.0038,5.6286,0,100.0,25487,21.4986,9.3029,1185.5175,9.3029,5.3747,0.3587,0.655,-0.1726,Pairwise,0.3104,0.64,0.1667,21.0701
fairness_conflict,L_P,200,10,4,0.2316,0.6259,1.0,0.2859,0.477,54356,47312,1.4058,0.4664,22.7141,43.4845,11.5431,11.9679,1479.9933,2216.7814,5.5396,11.4101,0.0041,5.573,0,100.0,25487,21.4986,9.3029,1185.5169,9.3029,5.3747,0.3587,0.6408,-0.2867,Pairwise,0.3133,0.64,0.1429,21.0668
fairness_conflict,F_P,200,10,4,0.2279,0.6259,1.0,0.2825,0.4585,56516,45152,1.1977,0.0163,22.4494,44.9708,11.5961,12.0693,1492.5545,2229.859,6.0006,11.1814,0.0042,7.2981,0,100.0,25487,21.5059,9.2998,1185.1185,9.2998,5.3765,0.3587,0.4905,-0.1975,Pairwise,0.3654,0.703,0.2024,21.0755
fairness_conflict,F_L_P,200,10,4,0.2316,0.6259,1.0,0.2859,0.477,54356,47312,1.6765,0.4733,22.7141,43.4845,11.5431,11.9679,1479.9933,2216.7814,5.5396,11.4101,0.0041,5.573,0,100.0,25487,21.4986,9.3029,1185.5169,9.3029,5.3747,0.3587,0.6408,-0.2867,Naive Linear Triple,0.3133,0.64,0.1429,21.0668
fairness_conflict,PREBLE,200,10,4,0.2249,0.594,1.0,0.2797,0.4588,56484,45184,-1.0722,0.015,22.7287,43.3401,11.584,11.9639,1468.1615,2233.3264,5.3555,11.0823,0.0041,7.3593,0,100.0,25487,21.5051,9.3001,1185.1611,9.3001,5.3763,0.3587,0.4602,-0.0943,Prior Art,0.3661,0.574,0.1667,21.099
fairness_conflict,LBGR,200,10,4,0.2246,0.594,1.0,0.2794,0.477,54356,47312,0.0012,0.0002,22.658,43.5481,11.7772,12.2605,1508.1958,2246.1055,5.218,11.4465,0.0039,6.9247,0,100.0,25487,21.5158,9.2955,1184.571,9.2955,5.379,0.3587,0.8703,-0.106,Prior Art,0.3131,0.874,0.1905,21.0536
fairness_conflict,DUALMAP,200,10,4,0.2246,0.594,1.0,0.2794,0.477,54356,47312,-0.523,0.477,22.658,43.5481,11.7772,12.2605,1508.1958,2246.1055,5.218,11.4465,0.0039,6.9247,0,100.0,25487,21.5158,9.2955,1184.571,9.2955,5.379,0.3587,0.8703,-0.106,Prior Art,0.3131,0.874,0.1905,21.0536
fairness_conflict,CACHE_ROUTE,200,10,4,0.2279,0.6259,1.0,0.2825,0.4585,56516,45152,-1.0695,0.0142,22.4494,44.9708,11.5961,12.0693,1492.5545,2229.859,6.0006,11.1814,0.0042,7.2981,0,100.0,25487,21.5059,9.2998,1185.1185,9.2998,5.3765,0.3587,0.4905,-0.1975,Prior Art,0.3654,0.703,0.2024,21.0755
fairness_conflict,VTC,200,10,4,0.2279,0.6259,1.0,0.2825,0.4585,56516,45152,-3726.033,9.0198,22.4494,44.9708,11.5961,12.0693,1492.5545,2229.859,6.0006,11.1814,0.0042,7.2981,0,100.0,25487,21.5059,9.2998,1185.1185,9.2998,5.3765,0.3587,0.4905,-0.1975,Prior Art,0.3654,0.703,0.2024,21.0755
fairness_conflict,EQUINOX,200,10,4,0.2279,0.6259,1.0,0.2825,0.4585,56516,45152,-0.1804,0.0043,22.4494,44.9708,11.5961,12.0693,1492.5545,2229.859,6.0006,11.1814,0.0042,7.2981,0,100.0,25487,21.5059,9.2998,1185.1185,9.2998,5.3765,0.3587,0.4905,-0.1975,Prior Art,0.3654,0.703,0.2024,21.0755
fairness_conflict,QUARTZ,200,10,4,0.2255,0.594,1.0,0.2806,0.4579,56516,45152,-0.0225,0.0,22.0056,42.089,11.5767,11.888,1477.3379,2233.8745,4.677,11.1346,0.0037,7.7906,0,100.0,25487,21.4982,9.3031,1185.5387,9.3031,5.3746,0.3587,0.1281,-0.0203,Prior Art,0.4089,1.13,0.1786,21.2037
fairness_conflict,ISJL,200,10,4,0.2266,0.594,1.0,0.2814,0.4579,56516,45152,0.2658,0.0055,22.7367,44.6985,11.5295,11.9104,1483.9777,2190.4864,5.8561,11.343,0.0042,7.372,0,100.0,25487,21.5159,9.2955,1184.5679,9.2955,5.379,0.3587,0.2846,-0.0087,Prior Art,0.3642,0.843,0.2024,21.078
fairness_conflict,NEXUSSCHED,200,10,4,0.2255,0.594,1.0,0.2806,0.4579,56516,45152,-3847.8959,0.0,22.0056,42.089,11.5767,11.888,1477.3379,2233.8745,4.677,11.1346,0.0037,7.7906,0,100.0,25487,21.4982,9.3031,1185.5387,9.3031,5.3746,0.3587,0.1281,-0.0203,Prior Art,0.4089,1.13,0.1786,21.2037
fairness_conflict,BALANCEROUTE,200,10,4,0.2279,0.6259,1.0,0.2825,0.4585,56516,45152,0.9305,0.0142,22.4494,44.9708,11.5961,12.0693,1492.5545,2229.859,6.0006,11.1814,0.0042,7.2981,0,100.0,25487,21.5059,9.2998,1185.1185,9.2998,5.3765,0.3587,0.4905,-0.1975,Prior Art,0.3654,0.703,0.2024,21.0755
fairness_conflict,PILLM,200,10,4,0.2255,0.594,1.0,0.2806,0.4579,56516,45152,0.0021,0.0,22.0056,42.089,11.5767,11.888,1477.3379,2233.8745,4.677,11.1346,0.0037,7.7906,0,100.0,25487,21.4982,9.3031,1185.5387,9.3031,5.3746,0.3587,0.1281,-0.0203,Prior Art,0.4089,1.13,0.1786,21.2037
fairness_conflict,ONLINE_LP,200,10,4,0.2279,0.6259,1.0,0.2825,0.4585,56516,45152,0.9305,0.0142,22.4494,44.9708,11.5961,12.0693,1492.5545,2229.859,6.0006,11.1814,0.0042,7.2981,0,100.0,25487,21.5059,9.2998,1185.1185,9.2998,5.3765,0.3587,0.4905,-0.1975,Prior Art,0.3654,0.703,0.2024,21.0755
fairness_conflict,H0,200,10,4,0.2316,0.6259,1.0,0.2859,0.477,54356,47312,1.6765,0.4733,22.7141,43.4845,11.5431,11.9679,1479.9933,2216.7814,5.5396,11.4101,0.0041,5.573,0,100.0,25487,21.4986,9.3029,1185.5169,9.3029,5.3747,0.3587,0.6408,-0.2867,Combination-Form Hypothesis,0.3133,0.64,0.1429,21.0668
fairness_conflict,H1,200,10,4,0.2316,0.6259,1.0,0.2859,0.477,54356,47312,0.4317,0.4317,22.7141,43.4845,11.5431,11.9679,1479.9933,2216.7814,5.5396,11.4101,0.0041,5.573,0,100.0,25487,21.4986,9.3029,1185.5169,9.3029,5.3747,0.3587,0.6408,-0.2867,Combination-Form Hypothesis,0.3133,0.64,0.1429,21.0668
fairness_conflict,H2,200,10,4,0.2316,0.6259,1.0,0.2859,0.477,54356,47312,0.4317,0.4317,22.7141,43.4845,11.5431,11.9679,1479.9933,2216.7814,5.5396,11.4101,0.0041,5.573,0,100.0,25487,21.4986,9.3029,1185.5169,9.3029,5.3747,0.3587,0.6408,-0.2867,Combination-Form Hypothesis,0.3133,0.64,0.1429,21.0668
fairness_conflict,H3,200,10,4,0.2316,0.6259,1.0,0.2859,0.477,54356,47312,0.4317,0.4317,22.7141,43.4845,11.5431,11.9679,1479.9933,2216.7814,5.5396,11.4101,0.0041,5.573,0,100.0,25487,21.4986,9.3029,1185.5169,9.3029,5.3747,0.3587,0.6408,-0.2867,Combination-Form Hypothesis,0.3133,0.64,0.1429,21.0668
fairness_conflict,H4,200,10,4,0.2292,0.6253,1.0,0.2834,0.477,54356,47312,0.4771,0.477,22.5205,43.5193,11.7781,12.0699,1501.3343,2248.7225,4.2979,11.3938,0.0035,5.5848,0,100.0,25487,21.5017,9.3016,1185.3476,9.3016,5.3754,0.3587,0.9071,-0.3364,Combination-Form Hypothesis,0.2826,0.574,0.1667,20.984
fairness_conflict,H5,200,10,4,0.2316,0.6259,1.0,0.2859,0.477,54356,47312,1.958,0.4806,22.7141,43.4845,11.5431,11.9679,1479.9933,2216.7814,5.5396,11.4101,0.0041,5.573,0,100.0,25487,21.4986,9.3029,1185.5169,9.3029,5.3747,0.3587,0.6408,-0.2867,Combination-Form Hypothesis,0.3133,0.64,0.1429,21.0668
fairness_conflict,FAIRROUTE,200,10,4,0.2292,0.6253,1.0,0.2834,0.477,54356,47312,0.4771,0.477,22.5205,43.5193,11.7781,12.0699,1501.3343,2248.7225,4.2979,11.3938,0.0035,5.5848,0,100.0,25487,21.5017,9.3016,1185.3476,9.3016,5.3754,0.3587,0.9071,-0.3364,FairRoute (Final),0.2826,0.574,0.1667,20.984
fairness_conflict,FAIRROUTE_V2,200,10,4,0.2316,0.6259,1.0,0.2859,0.477,54356,47312,1.958,0.4806,22.7141,43.4845,11.5431,11.9679,1479.9933,2216.7814,5.5396,11.4101,0.0041,5.573,0,100.0,25487,21.4986,9.3029,1185.5169,9.3029,5.3747,0.3587,0.6408,-0.2867,FairRoute (v2 / H5),0.3133,0.64,0.1429,21.0668
locality_conflict,RR,200,10,4,0.0,0.0,0.0,0.0,0.0843,92852,8816,0.0,0.0,28.7022,43.9605,11.653,11.9325,1502.7075,2233.1222,5.9895,11.0924,0.0039,6.8072,0,100.0,25487,21.4986,9.3029,1185.5209,9.3029,5.3746,0.9948,0.0,,Naive,0.513,1.078,0.1786,22.0102
locality_conflict,LOAD,200,10,4,0.0,0.0,0.0,0.0,0.0739,94180,7488,0.0,0.0,29.0827,44.785,11.7963,12.2709,1510.9013,2258.8051,5.4424,11.2606,0.0039,6.1766,0,100.0,25487,21.4953,9.3044,1185.7035,9.3044,5.3738,0.9948,0.481,,Naive,0.4329,0.837,0.119,21.837
locality_conflict,RAND,200,10,4,0.0,0.0,0.0,0.0,0.0759,93908,7760,0.0,0.0,30.3864,43.2093,11.7352,12.2311,1510.3486,2258.5998,6.0906,11.0236,0.0042,6.6427,0,100.0,25487,21.5059,9.2998,1185.119,9.2998,5.3765,0.9948,0.1304,,Naive,0.5052,1.327,0.1905,22.0369
locality_conflict,FAIRNESS,200,10,4,0.0856,0.3883,1.0,0.1082,0.0744,94212,7456,0.1015,0.0015,29.4652,44.0598,11.7322,12.2529,1497.8439,2243.934,6.1156,11.0814,0.0041,6.5866,0,100.0,25487,21.4977,9.3033,1185.5714,9.3033,5.3744,0.9948,0.3308,0.0176,Single-Signal,0.4423,1.01,0.1786,21.8761
locality_conflict,LOCALITY,200,10,4,0.086,0.3824,1.0,0.1088,0.0912,92148,9520,0.0912,0.0912,29.9412,44.7123,11.6741,12.1911,1503.4748,2277.5549,6.414,11.1317,0.0041,6.7781,0,100.0,25487,21.4969,9.3037,1185.6141,9.3037,5.3742,0.9948,0.1273,-0.018,Single-Signal,0.4782,1.452,0.1429,21.9591
locality_conflict,PREDICTION,200,10,4,0.0846,0.3842,1.0,0.1065,0.0812,93428,8240,0.9353,0.0138,29.8504,43.5678,11.7688,12.2635,1527.7178,2274.0655,5.2224,11.2179,0.0039,6.1089,0,100.0,25487,21.5146,9.296,1184.6358,9.296,5.3787,0.9948,0.481,-0.2023,Single-Signal,0.4307,0.716,0.1905,21.8056
locality_conflict,F_L,200,10,4,0.0862,0.3901,1.0,0.1088,0.0912,92148,9520,0.1932,0.0925,28.9437,43.6507,11.728,12.159,1496.6828,2261.8501,5.6963,11.1796,0.004,6.7089,0,100.0,25487,21.5052,9.3001,1185.1537,9.3001,5.3763,0.9948,0.3513,-0.0809,Pairwise,0.4455,1.098,0.1548,21.8408
locality_conflict,L_P,200,10,4,0.0848,0.3842,1.0,0.1068,0.0912,92148,9520,1.0265,0.1038,29.2175,43.8205,11.754,12.1562,1510.2862,2253.0468,5.1397,10.9159,0.0038,6.4101,0,100.0,25487,21.5029,9.3011,1185.2835,9.3011,5.3757,0.9948,0.5008,-0.1967,Pairwise,0.4194,0.741,0.131,21.7713
locality_conflict,F_P,200,10,4,0.0846,0.3842,1.0,0.1065,0.0812,93428,8240,1.0345,0.0154,29.8504,43.5678,11.7688,12.2635,1527.7178,2274.0655,5.2224,11.2179,0.0039,6.1089,0,100.0,25487,21.5146,9.296,1184.6358,9.296,5.3787,0.9948,0.481,-0.2023,Pairwise,0.4307,0.716,0.1905,21.8056
locality_conflict,F_L_P,200,10,4,0.0848,0.3842,1.0,0.1068,0.0912,92148,9520,1.1259,0.1052,29.2175,43.8205,11.754,12.1562,1510.2862,2253.0468,5.1397,10.9159,0.0038,6.4101,0,100.0,25487,21.5029,9.3011,1185.2835,9.3011,5.3757,0.9948,0.5008,-0.1967,Naive Linear Triple,0.4194,0.741,0.131,21.7713
locality_conflict,PREBLE,200,10,4,0.0861,0.3824,1.0,0.1091,0.0738,94084,7584,-1.074,0.0161,28.8141,43.5805,11.7774,12.1954,1503.9701,2258.3337,5.3077,11.0908,0.0037,6.1396,0,100.0,25487,21.5013,9.3018,1185.3727,9.3018,5.3753,0.9948,0.4905,-0.2908,Prior Art,0.431,0.724,0.1548,21.8219
locality_conflict,LBGR,200,10,4,0.086,0.3824,1.0,0.1088,0.0912,92148,9520,0.001,0.0,29.9412,44.7123,11.6741,12.1911,1503.4748,2277.5549,6.414,11.1317,0.0041,6.7781,0,100.0,25487,21.4969,9.3037,1185.6141,9.3037,5.3742,0.9948,0.1273,-0.018,Prior Art,0.4782,1.452,0.1429,21.9591
locality_conflict,DUALMAP,200,10,4,0.086,0.3824,1.0,0.1088,0.0912,92148,9520,-0.9088,0.0912,29.9412,44.7123,11.6741,12.1911,1503.4748,2277.5549,6.414,11.1317,0.0041,6.7781,0,100.0,25487,21.4969,9.3037,1185.6141,9.3037,5.3742,0.9948,0.1273,-0.018,Prior Art,0.4782,1.452,0.1429,21.9591
locality_conflict,CACHE_ROUTE,200,10,4,0.0846,0.3842,1.0,0.1065,0.0812,93428,8240,-1.0696,0.0159,29.8504,43.5678,11.7688,12.2635,1527.7178,2274.0655,5.2224,11.2179,0.0039,6.1089,0,100.0,25487,21.5146,9.296,1184.6358,9.296,5.3787,0.9948,0.481,-0.2023,Prior Art,0.4307,0.716,0.1905,21.8056
locality_conflict,VTC,200,10,4,0.0846,0.3842,1.0,0.1065,0.0812,93428,8240,-1772.0252,9.9981,29.8504,43.5678,11.7688,12.2635,1527.7178,2274.0655,5.2224,11.2179,0.0039,6.1089,0,100.0,25487,21.5146,9.296,1184.6358,9.296,5.3787,0.9948,0.481,-0.2023,Prior Art,0.4307,0.716,0.1905,21.8056
locality_conflict,EQUINOX,200,10,4,0.0846,0.3842,1.0,0.1065,0.0812,93428,8240,-0.0801,0.0048,29.8504,43.5678,11.7688,12.2635,1527.7178,2274.0655,5.2224,11.2179,0.0039,6.1089,0,100.0,25487,21.5146,9.296,1184.6358,9.296,5.3787,0.9948,0.481,-0.2023,Prior Art,0.4307,0.716,0.1905,21.8056
locality_conflict,QUARTZ,200,10,4,0.0851,0.3824,1.0,0.1073,0.0743,94212,7456,-0.0085,0.0,30.0937,43.4984,11.7108,12.2509,1503.0855,2282.5282,5.3591,11.1669,0.0039,6.6345,0,100.0,25487,21.499,9.3028,1185.4985,9.3028,5.3747,0.9948,0.1281,-0.0673,Prior Art,0.5007,1.593,0.1548,22.0188
locality_conflict,ISJL,200,10,4,0.0856,0.3883,1.0,0.1082,0.0744,94212,7456,0.1015,0.0015,29.4652,44.0598,11.7322,12.2529,1497.8439,2243.934,6.1156,11.0814,0.0041,6.5866,0,100.0,25487,21.4977,9.3033,1185.5714,9.3033,5.3744,0.9948,0.3308,0.0176,Prior Art,0.4423,1.01,0.1786,21.8761
locality_conflict,NEXUSSCHED,200,10,4,0.0851,0.3824,1.0,0.1073,0.0743,94212,7456,-3847.8959,0.0,30.0937,43.4984,11.7108,12.2509,1503.0855,2282.5282,5.3591,11.1669,0.0039,6.6345,0,100.0,25487,21.499,9.3028,1185.4985,9.3028,5.3747,0.9948,0.1281,-0.0673,Prior Art,0.5007,1.593,0.1548,22.0188
locality_conflict,BALANCEROUTE,200,10,4,0.0846,0.3842,1.0,0.1065,0.0812,93428,8240,0.9304,0.0159,29.8504,43.5678,11.7688,12.2635,1527.7178,2274.0655,5.2224,11.2179,0.0039,6.1089,0,100.0,25487,21.5146,9.296,1184.6358,9.296,5.3787,0.9948,0.481,-0.2023,Prior Art,0.4307,0.716,0.1905,21.8056
locality_conflict,PILLM,200,10,4,0.0851,0.3824,1.0,0.1073,0.0743,94212,7456,0.0021,0.0,30.0937,43.4984,11.7108,12.2509,1503.0855,2282.5282,5.3591,11.1669,0.0039,6.6345,0,100.0,25487,21.499,9.3028,1185.4985,9.3028,5.3747,0.9948,0.1281,-0.0673,Prior Art,0.5007,1.593,0.1548,22.0188
locality_conflict,ONLINE_LP,200,10,4,0.0846,0.3842,1.0,0.1065,0.0812,93428,8240,0.9304,0.0159,29.8504,43.5678,11.7688,12.2635,1527.7178,2274.0655,5.2224,11.2179,0.0039,6.1089,0,100.0,25487,21.5146,9.296,1184.6358,9.296,5.3787,0.9948,0.481,-0.2023,Prior Art,0.4307,0.716,0.1905,21.8056
locality_conflict,H0,200,10,4,0.0848,0.3842,1.0,0.1068,0.0912,92148,9520,1.1259,0.1052,29.2175,43.8205,11.754,12.1562,1510.2862,2253.0468,5.1397,10.9159,0.0038,6.4101,0,100.0,25487,21.5029,9.3011,1185.2835,9.3011,5.3757,0.9948,0.5008,-0.1967,Combination-Form Hypothesis,0.4194,0.741,0.131,21.7713
locality_conflict,H1,200,10,4,0.0848,0.3842,1.0,0.1068,0.0912,92148,9520,0.0891,0.0891,29.2175,43.8205,11.754,12.1562,1510.2862,2253.0468,5.1397,10.9159,0.0038,6.4101,0,100.0,25487,21.5029,9.3011,1185.2835,9.3011,5.3757,0.9948,0.5008,-0.1967,Combination-Form Hypothesis,0.4194,0.741,0.131,21.7713
locality_conflict,H2,200,10,4,0.0848,0.3842,1.0,0.1068,0.0912,92148,9520,0.0841,0.084,29.2175,43.8205,11.754,12.1562,1510.2862,2253.0468,5.1397,10.9159,0.0038,6.4101,0,100.0,25487,21.5029,9.3011,1185.2835,9.3011,5.3757,0.9948,0.5008,-0.1967,Combination-Form Hypothesis,0.4194,0.741,0.131,21.7713
locality_conflict,H3,200,10,4,0.0848,0.3842,1.0,0.1068,0.0912,92148,9520,0.0893,0.0893,29.2175,43.8205,11.754,12.1562,1510.2862,2253.0468,5.1397,10.9159,0.0038,6.4101,0,100.0,25487,21.5029,9.3011,1185.2835,9.3011,5.3757,0.9948,0.5008,-0.1967,Combination-Form Hypothesis,0.4194,0.741,0.131,21.7713
locality_conflict,H4,200,10,4,0.0862,0.3364,1.0,0.1103,0.0912,92148,9520,0.0978,0.0977,29.4753,44.6528,11.9525,12.3719,1536.4334,2283.1916,4.6078,11.3545,0.0035,4.8308,0,100.0,25487,21.4981,9.3031,1185.5461,9.3031,5.3745,0.9948,0.671,-0.4752,Combination-Form Hypothesis,0.4004,0.812,0.1905,21.6847
locality_conflict,H5,200,10,4,0.0848,0.3842,1.0,0.1068,0.0912,92148,9520,1.2187,0.1061,29.2175,43.8205,11.754,12.1562,1510.2862,2253.0468,5.1397,10.9159,0.0038,6.4101,0,100.0,25487,21.5029,9.3011,1185.2835,9.3011,5.3757,0.9948,0.5008,-0.1967,Combination-Form Hypothesis,0.4194,0.741,0.131,21.7713
locality_conflict,FAIRROUTE,200,10,4,0.0862,0.3364,1.0,0.1103,0.0912,92148,9520,0.0978,0.0977,29.4753,44.6528,11.9525,12.3719,1536.4334,2283.1916,4.6078,11.3545,0.0035,4.8308,0,100.0,25487,21.4981,9.3031,1185.5461,9.3031,5.3745,0.9948,0.671,-0.4752,FairRoute (Final),0.4004,0.812,0.1905,21.6847
locality_conflict,FAIRROUTE_V2,200,10,4,0.0848,0.3842,1.0,0.1068,0.0912,92148,9520,1.2187,0.1061,29.2175,43.8205,11.754,12.1562,1510.2862,2253.0468,5.1397,10.9159,0.0038,6.4101,0,100.0,25487,21.5029,9.3011,1185.2835,9.3011,5.3757,0.9948,0.5008,-0.1967,FairRoute (v2 / H5),0.4194,0.741,0.131,21.7713
prediction_burst,RR,200,10,4,0.0,0.0,0.0,0.0,0.0,101668,0,0.0,0.0,30.3573,43.8547,11.8202,12.4759,1516.808,2281.3164,5.1684,11.0318,0.0038,6.1446,0,100.0,25487,20.249,9.877,1258.6818,9.877,5.0622,0.9948,0.0,,Naive,0.4757,1.536,0.1,22.151
prediction_burst,LOAD,200,10,4,0.0,0.0,0.0,0.0,0.0,101668,0,0.0,0.0,33.2296,62.749,11.969,13.3804,1538.897,2358.7839,6.5899,30.6654,0.0059,6.3046,0,100.0,25487,20.3212,9.8419,1254.2045,9.8419,5.0803,0.9948,0.5004,,Naive,0.4039,1.252,0.1,21.8848
prediction_burst,RAND,200,10,4,0.0,0.0,0.0,0.0,0.0,101668,0,0.0,0.0,32.4252,73.243,11.8367,12.9974,1543.9913,2300.9589,7.0924,33.7251,0.006,6.206,0,100.0,25487,20.3065,9.849,1255.1131,9.849,5.0766,0.9948,0.1304,,Naive,0.4878,1.827,0.1375,22.1478
prediction_burst,FAIRNESS,200,10,4,0.1279,1.0,1.0,0.1439,0.0,101668,0,0.1299,0.0027,32.0419,73.5219,11.8805,13.2127,1550.1861,2287.0076,6.1296,33.5343,0.0053,6.1019,0,100.0,25487,20.2913,9.8564,1256.0553,9.8564,5.0728,0.9948,0.3917,-0.346,Single-Signal,0.417,1.299,0.15,21.9371
prediction_burst,LOCALITY,200,10,4,0.123,1.0,1.0,0.1395,0.0,101668,0,0.0,0.0,33.1721,72.6255,11.8688,13.008,1533.5149,2344.791,6.3486,48.2379,0.0061,5.9369,0,100.0,25487,20.2804,9.8618,1256.7334,9.8618,5.0701,0.9948,0.1281,-0.55,Single-Signal,0.47,1.692,0.1125,22.1217
prediction_burst,PREDICTION,200,10,4,0.1285,1.0,1.0,0.1446,0.0,101668,0,0.9194,0.0104,33.795,58.5567,11.9832,13.1352,1564.1087,2347.4583,6.5943,31.4425,0.0062,6.6463,0,100.0,25487,20.3036,9.8505,1255.2952,9.8505,5.0759,0.9948,0.4901,-0.5163,Single-Signal,0.4094,1.34,0.1,21.8897
prediction_burst,F_L,200,10,4,0.1279,1.0,1.0,0.1439,0.0,101668,0,0.1299,0.0027,32.0419,73.5219,11.8805,13.2127,1550.1861,2287.0076,6.1296,33.5343,0.0053,6.1019,0,100.0,25487,20.2913,9.8564,1256.0553,9.8564,5.0728,0.9948,0.3917,-0.346,Pairwise,0.417,1.299,0.15,21.9371
prediction_burst,L_P,200,10,4,0.1285,1.0,1.0,0.1446,0.0,101668,0,0.9194,0.0104,33.795,58.5567,11.9832,13.1352,1564.1087,2347.4583,6.5943,31.4425,0.0062,6.6463,0,100.0,25487,20.3036,9.8505,1255.2952,9.8505,5.0759,0.9948,0.4901,-0.5163,Pairwise,0.4094,1.34,0.1,21.8897
prediction_burst,F_P,200,10,4,0.1285,1.0,1.0,0.1446,0.0,101668,0,1.0485,0.0126,33.795,58.5567,11.9832,13.1352,1564.1087,2347.4583,6.5943,31.4425,0.0062,6.6463,0,100.0,25487,20.3036,9.8505,1255.2952,9.8505,5.0759,0.9948,0.4901,-0.5163,Pairwise,0.4094,1.34,0.1,21.8897
prediction_burst,F_L_P,200,10,4,0.1285,1.0,1.0,0.1446,0.0,101668,0,1.0485,0.0126,33.795,58.5567,11.9832,13.1352,1564.1087,2347.4583,6.5943,31.4425,0.0062,6.6463,0,100.0,25487,20.3036,9.8505,1255.2952,9.8505,5.0759,0.9948,0.4901,-0.5163,Naive Linear Triple,0.4094,1.34,0.1,21.8897
prediction_burst,PREBLE,200,10,4,0.1284,1.0,1.0,0.1446,0.0,101668,0,-1.0959,0.0151,33.2798,61.2416,11.9739,13.1986,1565.9183,2321.5836,6.2497,29.6209,0.0058,6.6411,0,100.0,25487,20.3078,9.8484,1255.0322,9.8484,5.077,0.9948,0.481,-0.4741,Prior Art,0.4094,1.156,0.1125,21.8972
prediction_burst,LBGR,200,10,4,0.123,1.0,1.0,0.1395,0.0,101668,0,0.0009,0.0,33.1721,72.6255,11.8688,13.008,1533.5149,2344.791,6.3486,48.2379,0.0061,5.9369,0,100.0,25487,20.2804,9.8618,1256.7334,9.8618,5.0701,0.9948,0.1281,-0.55,Prior Art,0.47,1.692,0.1125,22.1217
prediction_burst,DUALMAP,200,10,4,0.1233,1.0,1.0,0.1401,0.0,101668,0,-1.0,0.0,32.8409,58.5937,11.8502,13.0046,1534.2294,2313.8884,6.8087,29.8224,0.0056,6.1657,0,100.0,25487,20.2682,9.8677,1257.4875,9.8677,5.067,0.9948,0.1077,-0.4305,Prior Art,0.4562,1.442,0.1375,22.1151
prediction_burst,CACHE_ROUTE,200,10,4,0.1285,1.0,1.0,0.1446,0.0,101668,0,-1.0908,0.0129,33.795,58.5567,11.9832,13.1352,1564.1087,2347.4583,6.5943,31.4425,0.0062,6.6463,0,100.0,25487,20.3036,9.8505,1255.2952,9.8505,5.0759,0.9948,0.4901,-0.5163,Prior Art,0.4094,1.34,0.1,21.8897
prediction_burst,VTC,200,10,4,0.1285,1.0,1.0,0.1446,0.0,101668,0,-1756.9883,7.8919,33.795,58.5567,11.9832,13.1352,1564.1087,2347.4583,6.5943,31.4425,0.0062,6.6463,0,100.0,25487,20.3036,9.8505,1255.2952,9.8505,5.0759,0.9948,0.4901,-0.5163,Prior Art,0.4094,1.34,0.1,21.8897
prediction_burst,EQUINOX,200,10,4,0.1285,1.0,1.0,0.1446,0.0,101668,0,-0.1172,0.0039,33.795,58.5567,11.9832,13.1352,1564.1087,2347.4583,6.5943,31.4425,0.0062,6.6463,0,100.0,25487,20.3036,9.8505,1255.2952,9.8505,5.0759,0.9948,0.4901,-0.5163,Prior Art,0.4094,1.34,0.1,21.8897
prediction_burst,QUARTZ,200,10,4,0.1233,1.0,1.0,0.1401,0.0,101668,0,-0.0123,0.0,32.8409,58.5937,11.8502,13.0046,1534.2294,2313.8884,6.8087,29.8224,0.0056,6.1657,0,100.0,25487,20.2682,9.8677,1257.4875,9.8677,5.067,0.9948,0.1077,-0.4305,Prior Art,0.4562,1.442,0.1375,22.1151
prediction_burst,ISJL,200,10,4,0.1278,1.0,1.0,0.1436,0.0,101668,0,0.1296,0.0036,33.2567,55.104,11.8691,13.1635,1541.0993,2292.8218,6.6859,25.4435,0.0053,6.2963,0,100.0,25487,20.287,9.8585,1256.3198,9.8585,5.0718,0.9948,0.3507,-0.3643,Prior Art,0.4212,1.356,0.125,21.9546
prediction_burst,NEXUSSCHED,200,10,4,0.1255,1.0,1.0,0.1432,0.0,101668,0,-3589.0546,258.8414,38.1814,1081.8042,12.034,15.2589,1611.6174,2685.4429,7.7756,1046.8355,0.0253,5.6913,0,77.0,25487,21.0737,9.4905,1209.4234,7.3077,5.2684,0.9948,0.2131,-0.6723,Prior Art,0.4561,3.056,0.2143,22.1408
prediction_burst,BALANCEROUTE,200,10,4,0.1285,1.0,1.0,0.1446,0.0,101668,0,0.9092,0.0134,33.795,58.5567,11.9832,13.1352,1564.1087,2347.4583,6.5943,31.4425,0.0062,6.6463,0,100.0,25487,20.3036,9.8505,1255.2952,9.8505,5.0759,0.9948,0.4901,-0.5163,Prior Art,0.4094,1.34,0.1,21.8897
prediction_burst,PILLM,200,10,4,0.1233,1.0,1.0,0.1401,0.0,101668,0,0.0021,0.0,32.8409,58.5937,11.8502,13.0046,1534.2294,2313.8884,6.8087,29.8224,0.0056,6.1657,0,100.0,25487,20.2682,9.8677,1257.4875,9.8677,5.067,0.9948,0.1077,-0.4305,Prior Art,0.4562,1.442,0.1375,22.1151
prediction_burst,ONLINE_LP,200,10,4,0.1285,1.0,1.0,0.1446,0.0,101668,0,0.9092,0.0134,33.795,58.5567,11.9832,13.1352,1564.1087,2347.4583,6.5943,31.4425,0.0062,6.6463,0,100.0,25487,20.3036,9.8505,1255.2952,9.8505,5.0759,0.9948,0.4901,-0.5163,Prior Art,0.4094,1.34,0.1,21.8897
prediction_burst,H0,200,10,4,0.1285,1.0,1.0,0.1446,0.0,101668,0,1.0485,0.0126,33.795,58.5567,11.9832,13.1352,1564.1087,2347.4583,6.5943,31.4425,0.0062,6.6463,0,100.0,25487,20.3036,9.8505,1255.2952,9.8505,5.0759,0.9948,0.4901,-0.5163,Combination-Form Hypothesis,0.4094,1.34,0.1,21.8897
prediction_burst,H1,200,10,4,0.1285,1.0,1.0,0.1446,0.0,101668,0,0.0,0.0,33.795,58.5567,11.9832,13.1352,1564.1087,2347.4583,6.5943,31.4425,0.0062,6.6463,0,100.0,25487,20.3036,9.8505,1255.2952,9.8505,5.0759,0.9948,0.4901,-0.5163,Combination-Form Hypothesis,0.4094,1.34,0.1,21.8897
prediction_burst,H2,200,10,4,0.1285,1.0,1.0,0.1446,0.0,101668,0,0.0002,0.0,33.795,58.5567,11.9832,13.1352,1564.1087,2347.4583,6.5943,31.4425,0.0062,6.6463,0,100.0,25487,20.3036,9.8505,1255.2952,9.8505,5.0759,0.9948,0.4901,-0.5163,Combination-Form Hypothesis,0.4094,1.34,0.1,21.8897
prediction_burst,H3,200,10,4,0.1285,1.0,1.0,0.1446,0.0,101668,0,0.0002,0.0,33.795,58.5567,11.9832,13.1352,1564.1087,2347.4583,6.5943,31.4425,0.0062,6.6463,0,100.0,25487,20.3036,9.8505,1255.2952,9.8505,5.0759,0.9948,0.4901,-0.5163,Combination-Form Hypothesis,0.4094,1.34,0.1,21.8897
prediction_burst,H4,200,10,4,0.1283,1.0,1.0,0.1446,0.0,101668,0,0.0002,0.0,33.6438,54.6546,12.18,13.2916,1600.1277,2377.7258,8.046,27.4257,0.006,5.5142,0,100.0,25487,20.3401,9.8328,1253.0391,9.8328,5.085,0.9948,0.6406,-0.7192,Combination-Form Hypothesis,0.3884,1.32,0.125,21.8186
prediction_burst,H5,200,10,4,0.1285,1.0,1.0,0.1446,0.0,101668,0,1.2033,0.0155,33.795,58.5567,11.9832,13.1352,1564.1087,2347.4583,6.5943,31.4425,0.0062,6.6463,0,100.0,25487,20.3036,9.8505,1255.2952,9.8505,5.0759,0.9948,0.4901,-0.5163,Combination-Form Hypothesis,0.4094,1.34,0.1,21.8897
prediction_burst,FAIRROUTE,200,10,4,0.1283,1.0,1.0,0.1446,0.0,101668,0,0.0002,0.0,33.6438,54.6546,12.18,13.2916,1600.1277,2377.7258,8.046,27.4257,0.006,5.5142,0,100.0,25487,20.3401,9.8328,1253.0391,9.8328,5.085,0.9948,0.6406,-0.7192,FairRoute (Final),0.3884,1.32,0.125,21.8186
prediction_burst,FAIRROUTE_V2,200,10,4,0.1285,1.0,1.0,0.1446,0.0,101668,0,1.2033,0.0155,33.795,58.5567,11.9832,13.1352,1564.1087,2347.4583,6.5943,31.4425,0.0062,6.6463,0,100.0,25487,20.3036,9.8505,1255.2952,9.8505,5.0759,0.9948,0.4901,-0.5163,FairRoute (v2 / H5),0.4094,1.34,0.1,21.8897
full_adversarial,RR,200,4,4,0.0,0.0,0.0,0.0,0.6349,76853,129952,0.0,0.0,69.7355,5582.9317,13.586,15.2734,7990.5236,13409.9642,34.2519,5538.0086,0.1004,10.5767,0,62.5,103160,27.4664,7.2816,3755.8572,4.551,6.8666,0.5151,0.0,,Naive,2.3263,4.7,1.5185,24.0374
full_adversarial,LOAD,200,4,4,0.0,0.0,0.0,0.0,0.6343,76853,129952,0.0,0.0,63.6647,177.6269,15.9858,17.846,7949.6211,12832.5331,16.5078,87.872,0.0036,10.512,0,73.5,103160,24.9412,8.0188,4136.12,5.8939,6.2353,0.5151,0.4528,,Naive,2.3854,5.175,0.0729,23.5237
full_adversarial,RAND,200,4,4,0.0,0.0,0.0,0.0,0.6329,76901,129904,0.0,0.0,85.1785,6862.0513,13.6474,15.7705,8049.7427,13719.1903,33.5587,6847.4384,0.096,10.8002,0,54.0,103160,28.0363,7.1336,3679.5188,3.8522,7.0091,0.5151,0.1304,,Naive,2.2597,5.273,1.5268,24.1233
full_adversarial,FAIRNESS,200,4,4,0.1711,1.0,1.0,0.1808,0.633,76885,129920,0.0971,0.0122,65.0957,403.9096,15.1812,17.9604,7517.4498,12607.8494,14.0126,389.6642,0.0058,9.5131,0,68.5,103160,24.4516,8.1794,4218.9534,5.6029,6.1129,0.5151,0.2909,-0.2547,Single-Signal,2.3981,5.099,0.0417,23.6073
full_adversarial,LOCALITY,200,4,4,0.0717,0.4108,1.0,0.0915,0.6517,72421,134384,0.6493,0.6493,106.0634,6151.746,19.3547,20.9724,10163.5293,17916.2465,57.8287,6091.7112,0.0978,8.916,0,45.0,103160,31.1012,6.4306,3316.9103,2.8938,7.7753,0.5151,1.1088,-0.8136,Single-Signal,1.809,5.106,1.8145,23.8639
full_adversarial,PREDICTION,200,4,4,0.1769,1.0,1.0,0.1835,0.6322,76869,129936,0.6981,0.0171,64.9251,169.725,15.9992,18.3318,7924.929,12744.8398,17.3746,94.2072,0.0039,11.0186,0,74.5,103160,24.7012,8.0968,4176.3179,6.0321,6.1753,0.5151,0.432,0.0615,Single-Signal,2.4042,5.315,0.0729,23.5529
full_adversarial,F_L,200,4,4,0.0718,0.4163,1.0,0.0924,0.6517,72421,134384,0.7209,0.6557,104.7294,4752.9159,18.953,20.7889,9919.036,17122.1854,50.9943,4729.0251,0.0785,7.5871,0,44.0,103160,29.5228,6.7744,3494.2501,2.9807,7.3807,0.5151,1.0481,-0.8241,Pairwise,1.8051,4.519,1.4224,23.6291
full_adversarial,L_P,200,4,4,0.0762,0.4624,1.0,0.0988,0.6517,72421,134384,1.2758,0.4661,67.7005,3784.2434,18.1753,20.6904,9144.8035,15955.5075,31.5858,3760.3982,0.0535,6.5898,0,60.0,103160,28.9732,6.9029,3560.5361,4.1418,7.2433,0.5151,0.9872,-0.7744,Pairwise,1.834,4.306,0.8929,23.6137
full_adversarial,F_P,200,4,4,0.1769,1.0,1.0,0.1835,0.6322,76869,129936,0.7792,0.0228,64.9251,169.725,15.9992,18.3318,7924.929,12744.8398,17.3746,94.2072,0.0039,11.0186,0,74.5,103160,24.7012,8.0968,4176.3179,6.0321,6.1753,0.5151,0.432,0.0615,Pairwise,2.4042,5.315,0.0729,23.5529
full_adversarial,F_L_P,200,4,4,0.0762,0.4624,1.0,0.0988,0.6517,72421,134384,1.3466,0.4698,67.7005,3784.2434,18.1753,20.6904,9144.8035,15955.5075,31.5858,3760.3982,0.0535,6.5898,0,60.0,103160,28.9732,6.9029,3560.5361,4.1418,7.2433,0.5151,0.9872,-0.7744,Naive Linear Triple,1.834,4.306,0.8929,23.6137
full_adversarial,PREBLE,200,4,4,0.1733,1.0,1.0,0.1826,0.6323,76853,129952,-1.8607,0.4717,62.1964,1368.4061,14.348,16.6423,7505.3368,12153.2147,16.4192,1354.0175,0.013,11.5408,0,77.0,103160,24.5485,8.1472,4202.3017,6.2733,6.1371,0.5151,0.214,-0.4549,Prior Art,2.4694,5.169,0.0833,23.7984
full_adversarial,LBGR,200,4,4,0.0717,0.4108,1.0,0.0915,0.6517,72421,134384,0.0005,0.0001,106.0634,6151.746,19.3547,20.9724,10163.5293,17916.2465,57.8287,6091.7112,0.0978,8.916,0,45.0,103160,31.1012,6.4306,3316.9103,2.8938,7.7753,0.5151,1.1088,-0.8136,Prior Art,1.809,5.106,1.8145,23.8639
full_adversarial,DUALMAP,200,4,4,0.1651,1.0,1.0,0.1773,0.6328,76709,130096,-0.6576,0.4322,58.6794,1201.3841,14.4927,17.2285,7522.1686,12316.1936,14.8395,1186.7904,0.0129,11.8617,0,76.5,103160,24.3116,8.2265,4243.2425,6.2933,6.0779,0.5151,0.2518,-0.4128,Prior Art,2.5088,5.544,0.0938,23.8609
full_adversarial,CACHE_ROUTE,200,4,4,0.1769,1.0,1.0,0.1835,0.6322,76869,129936,-1.4631,0.0359,64.9251,169.725,15.9992,18.3318,7924.929,12744.8398,17.3746,94.2072,0.0039,11.0186,0,74.5,103160,24.7012,8.0968,4176.3179,6.0321,6.1753,0.5151,0.432,0.0615,Prior Art,2.4042,5.315,0.0729,23.5529
full_adversarial,VTC,200,4,4,0.1769,1.0,1.0,0.1835,0.6322,76869,129936,-8571.2096,56.2803,64.9251,169.725,15.9992,18.3318,7924.929,12744.8398,17.3746,94.2072,0.0039,11.0186,0,74.5,103160,24.7012,8.0968,4176.3179,6.0321,6.1753,0.5151,0.432,0.0615,Prior Art,2.4042,5.315,0.0729,23.5529
full_adversarial,EQUINOX,200,4,4,0.1769,1.0,1.0,0.1835,0.6322,76869,129936,-0.2628,0.0108,64.9251,169.725,15.9992,18.3318,7924.929,12744.8398,17.3746,94.2072,0.0039,11.0186,0,74.5,103160,24.7012,8.0968,4176.3179,6.0321,6.1753,0.5151,0.432,0.0615,Prior Art,2.4042,5.315,0.0729,23.5529
full_adversarial,QUARTZ,200,4,4,0.1696,1.0,1.0,0.1798,0.6325,76789,130016,-0.382,0.385,58.5162,1940.0081,14.3866,17.0036,7612.6663,11683.2582,17.8044,1925.3564,0.0179,11.0687,0,78.5,103160,25.2706,7.9143,4082.2087,6.2127,6.3177,0.5151,0.2245,-0.473,Prior Art,2.4595,5.138,0.21,23.9534
full_adversarial,ISJL,200,4,4,0.1745,1.0,1.0,0.1828,0.6323,76869,129936,0.0992,0.0128,78.5583,1755.5742,14.3113,16.9247,7678.6715,12119.0212,26.7404,1741.026,0.017,8.6205,0,62.0,103160,24.2096,8.2612,4261.123,5.1219,6.0524,0.5151,0.1965,-0.5058,Prior Art,2.4113,5.301,0.1562,23.6647
full_adversarial,NEXUSSCHED,200,4,4,0.1633,1.0,1.0,0.175,0.6323,76837,129968,-5658.2294,1124.3215,5736.1006,27027.857,13.5816,14.49,12614.385,36491.8447,5720.1115,26997.9985,0.3788,10.5407,0,19.0,103160,46.6545,4.2868,2211.1473,0.8145,11.6636,0.5151,0.6156,-0.7898,Prior Art,1.6236,4.888,8.7663,24.3133
full_adversarial,BALANCEROUTE,200,4,4,0.1747,1.0,1.0,0.1829,0.6323,76853,129952,0.1113,0.4552,63.4699,1808.8489,14.6074,17.0818,7537.4009,12070.3108,17.8397,1793.8098,0.0133,10.4179,0,76.0,103160,24.3684,8.2074,4233.3572,6.2376,6.0921,0.5151,0.2506,-0.4431,Prior Art,2.4871,4.648,0.1458,23.7863
full_adversarial,PILLM,200,4,4,0.1696,1.0,1.0,0.1798,0.6325,76789,130016,0.0008,0.0002,58.5162,1940.0081,14.3866,17.0036,7612.6663,11683.2582,17.8044,1925.3564,0.0179,11.0687,0,78.5,103160,25.2706,7.9143,4082.2087,6.2127,6.3177,0.5151,0.2245,-0.473,Prior Art,2.4595,5.138,0.21,23.9534
full_adversarial,ONLINE_LP,200,4,4,0.1747,1.0,1.0,0.1829,0.6323,76853,129952,0.1113,0.4552,63.4699,1808.8489,14.6074,17.0818,7537.4009,12070.3108,17.8397,1793.8098,0.0133,10.4179,0,76.0,103160,24.3684,8.2074,4233.3572,6.2376,6.0921,0.5151,0.2506,-0.4431,Prior Art,2.4871,4.648,0.1458,23.7863
full_adversarial,H0,200,4,4,0.0762,0.4624,1.0,0.0988,0.6517,72421,134384,1.3466,0.4698,67.7005,3784.2434,18.1753,20.6904,9144.8035,15955.5075,31.5858,3760.3982,0.0535,6.5898,0,60.0,103160,28.9732,6.9029,3560.5361,4.1418,7.2433,0.5151,0.9872,-0.7744,Combination-Form Hypothesis,1.834,4.306,0.8929,23.6137
full_adversarial,H1,200,4,4,0.0762,0.4624,1.0,0.0988,0.6517,72421,134384,0.3396,0.3396,67.7005,3784.2434,18.1753,20.6904,9144.8035,15955.5075,31.5858,3760.3982,0.0535,6.5898,0,60.0,103160,28.9732,6.9029,3560.5361,4.1418,7.2433,0.5151,0.9872,-0.7744,Combination-Form Hypothesis,1.834,4.306,0.8929,23.6137
full_adversarial,H2,200,4,4,0.0762,0.4624,1.0,0.0988,0.6517,72421,134384,0.3396,0.3396,67.7005,3784.2434,18.1753,20.6904,9144.8035,15955.5075,31.5858,3760.3982,0.0535,6.5898,0,60.0,103160,28.9732,6.9029,3560.5361,4.1418,7.2433,0.5151,0.9872,-0.7744,Combination-Form Hypothesis,1.834,4.306,0.8929,23.6137
full_adversarial,H3,200,4,4,0.0762,0.4624,1.0,0.0988,0.6517,72421,134384,0.3396,0.3396,67.7005,3784.2434,18.1753,20.6904,9144.8035,15955.5075,31.5858,3760.3982,0.0535,6.5898,0,60.0,103160,28.9732,6.9029,3560.5361,4.1418,7.2433,0.5151,0.9872,-0.7744,Combination-Form Hypothesis,1.834,4.306,0.8929,23.6137
full_adversarial,H4,200,4,4,0.0751,0.4619,1.0,0.0959,0.6517,72421,134384,0.5842,0.5841,75.0789,4004.1721,18.7215,20.7368,9289.843,16318.119,41.7774,3980.3561,0.0628,7.5431,0,62.0,103160,29.1984,6.8497,3533.0663,4.2468,7.2996,0.5151,0.9975,-0.7896,Combination-Form Hypothesis,1.8604,4.617,1.0431,23.7927
full_adversarial,H5,200,4,4,0.0762,0.4624,1.0,0.0988,0.6517,72421,134384,1.4109,0.4728,67.7005,3784.2434,18.1753,20.6904,9144.8035,15955.5075,31.5858,3760.3982,0.0535,6.5898,0,60.0,103160,28.9732,6.9029,3560.5361,4.1418,7.2433,0.5151,0.9872,-0.7744,Combination-Form Hypothesis,1.834,4.306,0.8929,23.6137
full_adversarial,FAIRROUTE,200,4,4,0.0751,0.4619,1.0,0.0959,0.6517,72421,134384,0.5842,0.5841,75.0789,4004.1721,18.7215,20.7368,9289.843,16318.119,41.7774,3980.3561,0.0628,7.5431,0,62.0,103160,29.1984,6.8497,3533.0663,4.2468,7.2996,0.5151,0.9975,-0.7896,FairRoute (Final),1.8604,4.617,1.0431,23.7927
full_adversarial,FAIRROUTE_V2,200,4,4,0.0762,0.4624,1.0,0.0988,0.6517,72421,134384,1.4109,0.4728,67.7005,3784.2434,18.1753,20.6904,9144.8035,15955.5075,31.5858,3760.3982,0.0535,6.5898,0,60.0,103160,28.9732,6.9029,3560.5361,4.1418,7.2433,0.5151,0.9872,-0.7744,FairRoute (v2 / H5),1.834,4.306,0.8929,23.6137
real_workload_1000,RR,1000,91,4,0.0,0.0,0.0,0.0,0.0004,148204,32,0.0,0.0,21.7575,2423.4825,11.9464,13.1784,6106.9539,17119.4766,7.3789,2409.9819,0.0525,8.447,0,78.6,490247,134.8559,7.4153,3635.3391,5.8284,33.714,0.1226,0.0,,Naive,1.3738,3.342,0.4272,34.778
real_workload_1000,LOAD,1000,91,4,0.0,0.0,0.0,0.0,0.0,148236,0,0.0,0.0,21.1226,61.159,12.8376,13.873,6132.0264,17650.0216,6.203,35.7939,0.0049,7.8701,0,96.9,490247,134.0282,7.4611,3657.7886,7.2298,33.5071,0.1226,0.5261,,Naive,1.1819,3.36,0.0093,33.1638
real_workload_1000,RAND,1000,91,4,0.0,0.0,0.0,0.0,0.0004,148204,32,0.0,0.0,22.7337,3484.8294,12.001,12.9324,6506.2548,18033.723,8.2653,3471.2814,0.0921,8.0326,0,71.8,490247,136.8012,7.3099,3583.6451,5.2485,34.2003,0.1226,0.0343,,Naive,1.3899,4.95,0.9044,34.9871
real_workload_1000,FAIRNESS,1000,91,4,0.2632,1.0,1.0,0.2604,0.0004,148204,32,0.1855,0.0063,21.0142,79.7579,12.3759,13.7009,6024.517,17569.4826,6.068,45.6516,0.0065,8.3532,0,96.7,490247,134.0297,7.461,3657.7481,7.2148,33.5074,0.1226,0.3344,-0.0988,Single-Signal,1.2297,3.166,0.0075,33.7001
real_workload_1000,LOCALITY,1000,91,4,0.262,1.0,1.0,0.2592,0.0004,148204,32,0.0004,0.0004,22.6346,2484.2501,11.9862,13.0254,6269.2157,17551.8916,7.9085,2471.0369,0.0712,8.3019,0,72.1,490247,133.7106,7.4788,3666.4781,5.3922,33.4277,0.1226,0.0157,-0.7293,Single-Signal,1.3776,4.393,0.5714,34.6299
real_workload_1000,PREDICTION,1000,91,4,0.263,1.0,1.0,0.2603,0.0,148236,0,0.7458,0.0085,21.1325,64.2599,12.8137,13.3663,6110.6158,17639.4471,6.4164,43.6146,0.0055,7.776,0,96.9,490247,133.6749,7.4808,3667.4587,7.2489,33.4187,0.1226,0.5322,-0.0149,Single-Signal,1.224,3.253,0.0094,33.2661
real_workload_1000,F_L,1000,91,4,0.2632,1.0,1.0,0.2604,0.0004,148204,32,0.1859,0.0068,21.0142,79.7579,12.3759,13.7009,6024.517,17569.4826,6.068,45.6516,0.0065,8.3532,0,96.7,490247,134.0297,7.461,3657.7481,7.2148,33.5074,0.1226,0.3344,-0.0988,Pairwise,1.2297,3.166,0.0075,33.7001
real_workload_1000,L_P,1000,91,4,0.2631,1.0,1.0,0.2604,0.0004,148204,32,0.7461,0.0089,20.9541,61.8963,12.8137,13.3838,6139.6847,17609.8776,6.1636,44.1177,0.0057,7.6953,0,97.0,490247,134.1079,7.4567,3655.6157,7.233,33.527,0.1226,0.5322,-0.0136,Pairwise,1.1979,3.42,0.0149,33.3337
real_workload_1000,F_P,1000,91,4,0.263,1.0,1.0,0.2603,0.0,148236,0,0.9197,0.0128,21.1325,64.2599,12.8137,13.3663,6110.6158,17639.4471,6.4164,43.6146,0.0055,7.776,0,96.9,490247,133.6749,7.4808,3667.4587,7.2489,33.4187,0.1226,0.5322,-0.0149,Pairwise,1.224,3.253,0.0094,33.2661
real_workload_1000,F_L_P,1000,91,4,0.2631,1.0,1.0,0.2604,0.0004,148204,32,0.9197,0.0129,20.9541,61.8963,12.8137,13.3838,6139.6847,17609.8776,6.1636,44.1177,0.0057,7.6953,0,97.0,490247,134.1079,7.4567,3655.6157,7.233,33.527,0.1226,0.5322,-0.0136,Naive Linear Triple,1.1979,3.42,0.0149,33.3337
real_workload_1000,PREBLE,1000,91,4,0.2624,1.0,1.0,0.2596,0.0,148236,0,-1.3617,0.0158,21.0953,56.7776,12.798,13.6859,6185.7955,18023.6616,6.1685,15.0668,0.0055,7.9669,0,97.0,490247,134.2072,7.4512,3652.9126,7.2276,33.5518,0.1226,0.5544,-0.0435,Prior Art,1.2015,3.347,0.0112,33.2513
real_workload_1000,LBGR,1000,91,4,0.262,1.0,1.0,0.2592,0.0004,148204,32,0.0022,0.0,22.6346,2484.2501,11.9862,13.0254,6269.2157,17551.8916,7.9085,2471.0369,0.0712,8.3019,0,72.1,490247,133.7106,7.4788,3666.4781,5.3922,33.4277,0.1226,0.0157,-0.7293,Prior Art,1.3776,4.393,0.5714,34.6299
real_workload_1000,DUALMAP,1000,91,4,0.2618,1.0,1.0,0.259,0.0004,148204,32,-0.9996,0.0004,20.8893,732.0795,11.9638,13.1018,6002.6546,16766.4968,6.2707,706.2095,0.0118,8.2785,0,92.4,490247,133.7227,7.4782,3666.1459,6.9098,33.4307,0.1226,0.0681,-0.2578,Prior Art,1.3505,4.263,0.0526,34.493
real_workload_1000,CACHE_ROUTE,1000,91,4,0.263,1.0,1.0,0.2603,0.0,148236,0,-1.3456,0.0154,21.1325,64.2599,12.8137,13.3663,6110.6158,17639.4471,6.4164,43.6146,0.0055,7.776,0,96.9,490247,133.6749,7.4808,3667.4587,7.2489,33.4187,0.1226,0.5322,-0.0149,Prior Art,1.224,3.253,0.0094,33.2661
real_workload_1000,VTC,1000,91,4,0.263,1.0,1.0,0.2603,0.0,148236,0,-18481.5528,9.5448,21.1325,64.2599,12.8137,13.3663,6110.6158,17639.4471,6.4164,43.6146,0.0055,7.776,0,96.9,490247,133.6749,7.4808,3667.4587,7.2489,33.4187,0.1226,0.5322,-0.0149,Prior Art,1.224,3.253,0.0094,33.2661
real_workload_1000,EQUINOX,1000,91,4,0.263,1.0,1.0,0.2603,0.0,148236,0,-0.2878,0.0046,21.1325,64.2599,12.8137,13.3663,6110.6158,17639.4471,6.4164,43.6146,0.0055,7.776,0,96.9,490247,133.6749,7.4808,3667.4587,7.2489,33.4187,0.1226,0.5322,-0.0149,Prior Art,1.224,3.253,0.0094,33.2661
real_workload_1000,QUARTZ,1000,91,4,0.2618,1.0,1.0,0.2589,0.0,148236,0,-0.0262,0.0,20.797,714.2713,11.97,13.1018,6034.7226,16781.0525,6.2369,700.6964,0.0118,8.2597,0,91.9,490247,133.7087,7.4789,3666.5299,6.8731,33.4272,0.1226,0.0697,-0.2737,Prior Art,1.3518,4.331,0.0564,34.4955
real_workload_1000,ISJL,1000,91,4,0.2643,1.0,1.0,0.2611,0.0,148236,0,0.1867,0.0071,20.5968,80.046,12.3601,13.6542,6027.7908,17612.0931,5.9807,49.8944,0.0064,8.3104,0,96.9,490247,134.0125,7.462,3658.219,7.2307,33.5031,0.1226,0.3333,-0.0776,Prior Art,1.2339,3.185,0.0131,33.7191
real_workload_1000,NEXUSSCHED,1000,91,4,0.2778,1.0,1.0,0.2717,0.0004,148204,32,-2657.6266,266.3954,14139.013,26040.169,12.001,12.8467,18676.7566,35700.4221,14124.8442,26025.929,0.4586,8.3648,0,39.4,490247,150.864,6.6285,3249.5965,2.6116,37.716,0.1226,0.3223,-0.9241,Prior Art,1.3222,4.726,19.0317,34.6998
real_workload_1000,BALANCEROUTE,1000,91,4,0.263,1.0,1.0,0.2603,0.0,148236,0,0.6544,0.0154,21.1325,64.2599,12.8137,13.3663,6110.6158,17639.4471,6.4164,43.6146,0.0055,7.776,0,96.9,490247,133.6749,7.4808,3667.4587,7.2489,33.4187,0.1226,0.5322,-0.0149,Prior Art,1.224,3.253,0.0094,33.2661
real_workload_1000,PILLM,1000,91,4,0.2618,1.0,1.0,0.2589,0.0,148236,0,0.0159,0.0,20.797,714.2713,11.97,13.1018,6034.7226,16781.0525,6.2369,700.6964,0.0118,8.2597,0,91.9,490247,133.7087,7.4789,3666.5299,6.8731,33.4272,0.1226,0.0697,-0.2737,Prior Art,1.3518,4.331,0.0564,34.4955
real_workload_1000,ONLINE_LP,1000,91,4,0.263,1.0,1.0,0.2603,0.0,148236,0,0.6544,0.0154,21.1325,64.2599,12.8137,13.3663,6110.6158,17639.4471,6.4164,43.6146,0.0055,7.776,0,96.9,490247,133.6749,7.4808,3667.4587,7.2489,33.4187,0.1226,0.5322,-0.0149,Prior Art,1.224,3.253,0.0094,33.2661
real_workload_1000,H0,1000,91,4,0.2631,1.0,1.0,0.2604,0.0004,148204,32,0.9197,0.0129,20.9541,61.8963,12.8137,13.3838,6139.6847,17609.8776,6.1636,44.1177,0.0057,7.6953,0,97.0,490247,134.1079,7.4567,3655.6157,7.233,33.527,0.1226,0.5322,-0.0136,Combination-Form Hypothesis,1.1979,3.42,0.0149,33.3337
real_workload_1000,H1,1000,91,4,0.2631,1.0,1.0,0.2604,0.0004,148204,32,0.0003,0.0003,20.9541,61.8963,12.8137,13.3838,6139.6847,17609.8776,6.1636,44.1177,0.0057,7.6953,0,97.0,490247,134.1079,7.4567,3655.6157,7.233,33.527,0.1226,0.5322,-0.0136,Combination-Form Hypothesis,1.1979,3.42,0.0149,33.3337
real_workload_1000,H2,1000,91,4,0.2631,1.0,1.0,0.2604,0.0004,148204,32,0.0005,0.0003,20.9541,61.8963,12.8137,13.3838,6139.6847,17609.8776,6.1636,44.1177,0.0057,7.6953,0,97.0,490247,134.1079,7.4567,3655.6157,7.233,33.527,0.1226,0.5322,-0.0136,Combination-Form Hypothesis,1.1979,3.42,0.0149,33.3337
real_workload_1000,H3,1000,91,4,0.2631,1.0,1.0,0.2604,0.0004,148204,32,0.0005,0.0003,20.9541,61.8963,12.8137,13.3838,6139.6847,17609.8776,6.1636,44.1177,0.0057,7.6953,0,97.0,490247,134.1079,7.4567,3655.6157,7.233,33.527,0.1226,0.5322,-0.0136,Combination-Form Hypothesis,1.1979,3.42,0.0149,33.3337
real_workload_1000,H4,1000,91,4,0.2635,1.0,1.0,0.2606,0.0004,148204,32,0.0008,0.0004,21.9783,62.2302,13.035,14.5532,6347.7355,17725.7961,6.7504,21.4769,0.0063,7.8347,0,96.9,490247,133.5065,7.4903,3672.0836,7.2581,33.3766,0.1226,0.6221,-0.0423,Combination-Form Hypothesis,1.1715,3.324,0.0132,32.7786
real_workload_1000,H5,1000,91,4,0.2631,1.0,1.0,0.2604,0.0004,148204,32,1.1994,0.0193,20.9541,61.8963,12.8137,13.3838,6139.6847,17609.8776,6.1636,44.1177,0.0057,7.6953,0,97.0,490247,134.1079,7.4567,3655.6157,7.233,33.527,0.1226,0.5322,-0.0136,Combination-Form Hypothesis,1.1979,3.42,0.0149,33.3337
real_workload_1000,FAIRROUTE,1000,91,4,0.2635,1.0,1.0,0.2606,0.0004,148204,32,0.0008,0.0004,21.9783,62.2302,13.035,14.5532,6347.7355,17725.7961,6.7504,21.4769,0.0063,7.8347,0,96.9,490247,133.5065,7.4903,3672.0836,7.2581,33.3766,0.1226,0.6221,-0.0423,FairRoute (Final),1.1715,3.324,0.0132,32.7786
real_workload_1000,FAIRROUTE_V2,1000,91,4,0.2631,1.0,1.0,0.2604,0.0004,148204,32,1.1994,0.0193,20.9541,61.8963,12.8137,13.3838,6139.6847,17609.8776,6.1636,44.1177,0.0057,7.6953,0,97.0,490247,134.1079,7.4567,3655.6157,7.233,33.527,0.1226,0.5322,-0.0136,FairRoute (v2 / H5),1.1979,3.42,0.0149,33.3337
